"id","sire","dam","LLRdam","LLRsire","LLRpair","OHdam","OHsire","MEpair","SEQ.off","Second.DNA_Code.off","Batch.Code.off","Adipose_Fin.off","CWT_Snout.off","CWT_Dorsal.off","CWT_Peduncle.off","Applied.PIT.off","Recaptured.PIT.off","Year.off","Date.off","Site.off","Species.off","Species_Source.off","Run.off","Run_Source.off","Origin.off","Origin_Source.off","Sex_Field.off","Sex_Final.off","Fork.off","POH.off","Weight.off","Fat_Content_.Field..off","Estimated.Fat.off","Age.off","Age_Source.off","Stock.off","FishSampling_Notes.off","Handling_Status.off","Final_Status.off","Assigned_Major_Spawning_Aggregate.off","Last_Detection_Stream.off","Last_Detection_Stream.Location.off","Final_Location_Determined_from_Last_Detection_Method.off","Location_Notes.off","Origin_ped.off","Final_Status_ped.off","X.snp.off","GRun.snp.off","X.ms.off","GRun.ms.off","GRun.off","noff.off","potpar.off","SEQ.dam","Second.DNA_Code.dam","Batch.Code.dam","Adipose_Fin.dam","CWT_Snout.dam","CWT_Dorsal.dam","CWT_Peduncle.dam","Applied.PIT.dam","Recaptured.PIT.dam","Year.dam","Date.dam","Site.dam","Species.dam","Species_Source.dam","Run.dam","Run_Source.dam","Origin.dam","Origin_Source.dam","Sex_Field.dam","Sex_Final.dam","Fork.dam","POH.dam","Weight.dam","Fat_Content_.Field..dam","Estimated.Fat.dam","Age.dam","Age_Source.dam","Stock.dam","FishSampling_Notes.dam","Handling_Status.dam","Final_Status.dam","Assigned_Major_Spawning_Aggregate.dam","Last_Detection_Stream.dam","Last_Detection_Stream.Location.dam","Final_Location_Determined_from_Last_Detection_Method.dam","Location_Notes.dam","Origin_ped.dam","Final_Status_ped.dam","X.snp.dam","GRun.snp.dam","X.ms.dam","GRun.ms.dam","GRun.dam","noff.dam","potpar.dam","SEQ.sire","Second.DNA_Code.sire","Batch.Code.sire","Adipose_Fin.sire","CWT_Snout.sire","CWT_Dorsal.sire","CWT_Peduncle.sire","Applied.PIT.sire","Recaptured.PIT.sire","Year.sire","Date.sire","Site.sire","Species.sire","Species_Source.sire","Run.sire","Run_Source.sire","Origin.sire","Origin_Source.sire","Sex_Field.sire","Sex_Final.sire","Fork.sire","POH.sire","Weight.sire","Fat_Content_.Field..sire","Estimated.Fat.sire","Age.sire","Age_Source.sire","Stock.sire","FishSampling_Notes.sire","Handling_Status.sire","Final_Status.sire","Assigned_Major_Spawning_Aggregate.sire","Last_Detection_Stream.sire","Last_Detection_Stream.Location.sire","Final_Location_Determined_from_Last_Detection_Method.sire","Location_Notes.sire","Origin_ped.sire","Final_Status_ped.sire","X.snp.sire","GRun.snp.sire","X.ms.sire","GRun.ms.sire","GRun.sire","noff.sire","potpar.sire","Nparents","gens","grandparents","gen3","gen4","gen5","Origin.GP","Origin.gen3","Origin.gen4","Origin.gen5","N.hatchery.gp","N.wild.gp","gp.ratio","N.hatchery.anc","N.wild.anc","anc.ratio"
506040555,343891799,343890044,1.14,0.6,2.33,0,0,0,36967,NA,50604,"Present","","","","3D9.1C2DCFE0FD","",2012,"6/29/12","WEN-TUM","Chinook","FD","Spring","DN","Wild","SC","Female","Female",76,63,4.78,4.9,"5.91678018",4,"SC","","Capture status populated with U as a spaceholder","Passed","Spawning Grounds","Nason","NAS","NAU","Array Detection","","Wild","Spawning Grounds",24747,"Spring",NA,NA,"Spring",0,"yes",13518,NA,34389,"Present","",NA,"","3D9.257C5AE5DE","",2008,"6/15/08","WEN-TUM","Chinook","FD","Spring","DN","Wild","SC","Female","Female",75,64,4.57,NA,"",4,"SC","","Detected On Upper NAS Array","Passed","Spawning Grounds","Nason","NAS","N3B","Carcass Recovery: Spawned","","Wild","Spawning Grounds",3906,"Spring",13448,"Spring","Spring",5,"yes",15273,NA,34389,"Present","",NA,"","3D9.1C2C965EE0","",2008,"7/3/08","WEN-TUM","Chinook","FD","Spring","DN","Wild","SC","Male","Male",51,41,1.57,NA,"",3,"SC","","Detected On Upper&LowerNAS Array","Passed","Spawning Grounds","Nason","NAS","NAU","Array Detection","","Wild","Spawning Grounds",5636,"Spring",15202,"Spring","Spring",2,"yes",2,2,"335600321 337191106 335600167 337191381","none","none","none","Wild Wild Wild Wild","unknown","unknown","unknown",0,4,1,0,4,1
506041457,343890606,343891510,0.81,1.25,0.35,0,0,1,37869,NA,50604,"Present","","","","3D9.1C2D9C8C6D","",2012,"7/5/12","WEN-TUM","Chinook","FD","Spring","DN","Wild","SC","Male","Male",73,58,3.6,1.9,"2.808308281",4,"SC","","Capture status populated with U as a spaceholder","Passed","Spawning Grounds","Nason","NAS","N2","Carcass Recovery: Spawned","","Wild","Spawning Grounds",25630,"Spring",NA,NA,"Spring",0,"yes",14984,NA,34389,"Present","",NA,"","3D9.1C2C9499D5","",2008,"6/30/08","WEN-TUM","Chinook","FD","Spring","DN","Wild","SC","Female","Female",81,66,5.3,NA,"",4,"SC","","Detected On Upper NAS Array","Passed","Spawning Grounds","Nason","NAS","N4","Carcass Recovery: Spawned","","Wild","Spawning Grounds",5350,"Spring",14913,"Spring","Spring",4,"yes",14080,NA,34389,"Present","",NA,"","3D9.257C5A8112","",2008,"6/25/08","WEN-TUM","Chinook","FD","Spring","DN","Wild","SC","Male","Male",87,65,6.75,NA,"",4,"SC","","Detected On Upper NAS Array","Passed","Spawning Grounds","Nason","NAS","NAU","Array/Ghost Tag","","Wild","Spawning Grounds",4457,"Spring",14010,"Spring","Spring",2,"yes",2,2,"335601547 335600315 335600005 335600393","none","none","none","Wild Wild Wild Wild","unknown","unknown","unknown",0,4,1,0,4,1
506042056,343890276,343890479,0.4,0.96,2.12,0,0,0,38468,NA,50604,"Present","","","","3D9.1C2D9E5400","",2012,"7/8/12","WEN-TUM","Chinook","FD","Spring","DN","Wild","SC","Female","Female",80,64,4.84,1.8,"2.691377086",4,"SC","","Capture status populated with U as a spaceholder","Passed","Spawning Grounds","Nason","NAS","NAU","Array Detection","","Wild","Spawning Grounds",26216,"Spring",NA,NA,"Spring",0,"yes",13953,NA,34389,"Present","",NA,"","3D9.257C5CD56C","",2008,"6/22/08","WEN-TUM","Chinook","FD","Spring","DN","Wild","SC","Female","Female",78,64,4.95,NA,"",4,"SC","","Detected On Upper NAS Array","Passed","Spawning Grounds","Nason","NAS","NAU","Array Detection","","Wild","Spawning Grounds",4334,"Spring",13883,"Spring","Spring",2,"yes",13750,NA,34389,"Present","",NA,"","3D9.257C5ADE45","",2008,"6/19/08","WEN-TUM","Chinook","FD","Spring","DN","Wild","SC","Male","Male",90,77,8.6,NA,"",4,"SC","","Detected On Upper NAS Array","Passed","Spawning Grounds","Nason","NAS","N2","Carcass Recovery: Spawned","","Wild","Spawning Grounds",4135,"Spring",13680,"Spring","Spring",10,"yes",2,2,"335600315 335600306 335601203 335600066","none","none","none","Wild Wild Wild Wild","unknown","unknown","unknown",0,4,1,0,4,1
506043535,343890158,343890853,1.78,1.45,3.04,0,0,0,39947,NA,50604,"Present","","","","3D9.1C2DE1FAD9","",2012,"7/13/12","WEN-TUM","Chinook","FD","Spring","DN","Wild","SC","Female","Female",85,68,5.22,NA,"",4,"SC","","Capture status populated with U as a spaceholder","Passed","Spawning Grounds","Chiwawa","Rock","R1","Carcass Recovery: Unknown Spawn level","","Wild","Spawning Grounds",27480,"Spring",NA,NA,"Spring",0,"yes",14327,NA,34389,"Present","",NA,"","3D9.257C5BFB61","",2008,"6/26/08","WEN-TUM","Chinook","FD","Spring","DN","Wild","SC","Female","Female",81,64,5.71,NA,"",4,"SC","","","Passed","Spawning Grounds","","","","","","Wild","Spawning Grounds",4702,"Spring",14257,"Spring","Spring",1,"yes",13632,NA,34389,"Present","",NA,"","3D9.257C5B0A2F","",2008,"6/17/08","WEN-TUM","Chinook","FD","Spring","DN","Wild","SC","Male","Male",93,73,8.45,NA,"",4,"SC","","","Passed","Spawning Grounds","","","","","","Wild","Spawning Grounds",4019,"Spring",13562,"Spring","Spring",5,"yes",2,2,"335600170 335600453 335602635 335601877","none","none","none","Wild Wild Wild Wild","unknown","unknown","unknown",0,4,1,0,4,1
506045060,343891967,343895632,0.86,1.5,5.55,0,0,0,41471,NA,50604,"Present","","","","3D9.1C2DDBBD5B","",2012,"7/22/12","WEN-TUM","Chinook","FD","Spring","DN","Hatchery","SC","Female","Female",83,67,3.34,NA,"",4,"SC","","Capture status populated with U as a spaceholder","Passed","Spawning Grounds","Chiwawa","CHI","C4","Carcass Recovery: Spawned","","Wild","Spawning Grounds",28972,"Spring",NA,NA,"Spring",1,"yes",19103,NA,34389,"Present","",NA,"","3D9.1C2C9628D6","",2008,"7/31/08","WEN-TUM","Chinook","FD","Spring","DN","Wild","SC","Female","Female",87,64,6.23,NA,"",4,"SC","","","Passed","Spawning Grounds","","","","","","Wild","Spawning Grounds",9414,"Spring",19032,"Spring","Spring",3,"yes",15440,NA,34389,"Present","",NA,"","3D9.1C2C9652A0","",2008,"7/4/08","WEN-TUM","Chinook","FD","Spring","DN","Wild","SC","Male","Male",86,68,7.05,NA,"",4,"SC","","","Passed","Spawning Grounds","","","","","","Wild","Spawning Grounds",5801,"Spring",15369,"Spring","Spring",4,"yes",2,2,"335601015 335600427 335601711 335601162","none","none","none","Wild Wild Wild Wild","unknown","unknown","unknown",0,4,1,0,4,1
508440687,343890068,343894906,1.22,1.81,2.93,0,0,0,42529,NA,50844,"Present","","","","3D9.1C2DDC1A11","",2013,"6/17/13","WEN-TUM","Chinook","FD","Spring","DN","Wild","SC","Female","Female",96,77,8.9,6.3,"7.210053285",5,"SC","CHI","","Passed","Spawning Grounds","Chiwawa","CHI","C4","Live-Redd","","Wild","Spawning Grounds",29685,"Spring",NA,NA,"Spring",3,"yes",18377,NA,34389,"Present","",NA,"","3D9.1C2C948D37","",2008,"7/23/08","WEN-TUM","Chinook","FD","Spring","DN","Wild","SC","Female","Female",87,70,6.33,NA,"",4,"SC","","","Passed","Spawning Grounds","Chiwawa","CHI","C4","Carcass Recovery: Spawned","","Wild","Spawning Grounds",8696,"Spring",18306,"Spring","Spring",1,"yes",13542,NA,34389,"Present","",NA,"","3D9.257C5A98AC","",2008,"6/16/08","WEN-TUM","Chinook","FD","Spring","DN","Wild","SC","Male","Male",85,67,6.55,NA,"",4,"SC","","","Passed","Spawning Grounds","","","","","","Wild","Spawning Grounds",3930,"Spring",13472,"Spring","Spring",3,"yes",2,2,"335600586 335601216 335600062 335600981","none","none","none","Wild Wild Wild Wild","unknown","unknown","unknown",0,4,1,0,4,1
508441761,347741247,347741190,1.67,1.28,2.83,0,0,0,43603,NA,50844,"Present","","","","3D9.1C2E037B97","",2013,"6/27/13","WEN-TUM","Chinook","FD","Spring","DN","Wild","FD","Female","Female",77,60,5.16,2.6,"3.594142017",4,"SC","CHI","","Passed","Spawning Grounds","Little Wenatchee","LWN","L3","Live-Random","","Wild","Spawning Grounds",30757,"Spring",NA,NA,"Spring",0,"yes",26305,NA,34774,"Present","",NA,"","3D9.1C2D105593","3D9.1C2D2CC0BF",2009,"6/28/09","WEN-TUM","Chinook","FD","Spring","DN","Wild","SC","Female","Female",96,77,9.66,NA,"",5,"SC","","","Passed","Spawning Grounds","Little Wenatchee","LWN","L3","Live-Redd","","Wild","Spawning Grounds",16474,"Spring",26216,"Spring","Spring",1,"yes",26362,NA,34774,"Present","",NA,"","3D9.1C2D12D3B0","",2009,"6/28/09","WEN-TUM","Chinook","FD","Spring","DN","Wild","SC","Male","Male",78,61,5.36,NA,"",4,"SC","","","Passed","Spawning Grounds","Little Wenatchee","LWN","LWN","Array Detection","","Wild","Spawning Grounds",16531,"Spring",26273,"Spring","Spring",1,"yes",2,2,"335602172 337192321 335600285 337190366","none","none","none","Wild Wild Wild Wild","unknown","unknown","unknown",0,4,1,0,4,1
510040767,345840675,345840354,1.67,1.75,3.54,0,0,0,46432,NA,51004,"Present","","","","3D9.1C2E085163","",2014,"6/21/14","WEN-TUM","Chinook","FD","Spring","DN","Wild","SC","Male","Male",75,60,4.56,6,"6.938585938",4,"SC","U","","Passed","Spawning Grounds","Nason","NAS","NAU","Array Detection","","Wild","Spawning Grounds",33580,"Spring",NA,NA,"Spring",1,"yes",19857,NA,34584,"Present","",NA,"","3D9.1C2C2CD333","",2010,"6/24/10","WEN-TUM","Chinook","FD","Spring","DN","Wild","SC","Female","Female",80,64,5.4,NA,"",4,"SC","","","Passed","Spawning Grounds","Nason","NAS","NAU","Array Detection","","Wild","Spawning Grounds",10160,"Spring",19767,"Spring","Spring",1,"yes",20175,NA,34584,"Present","",NA,"","3D9.1C2C46C822","",2010,"6/29/10","WEN-TUM","Chinook","FD","Spring","DN","Wild","SC","Male","Male",72,56,4.1,NA,"",4,"SC","","","Passed","Spawning Grounds","Nason","NAS","N4","Live-Redd","","Wild","Spawning Grounds",10478,"Spring",20085,"Spring","Spring",1,"yes",2,2,"338720446 338720029 338720789 338721375","none","none","none","Wild Wild Wild Wild","unknown","unknown","unknown",0,4,1,0,4,1
510041238,345842204,345840801,1.63,-1.53,0.61,0,1,1,46903,NA,51004,"Present","","","","3D9.1C2E044546","",2014,"6/25/14","WEN-TUM","Chinook","FD","Spring","DN","Wild","SC","Male","Male",69,55,3.08,3.7,"4.743781469",4,"SC","U","","Passed","Spawning Grounds","Chiwawa","CHI","CHU","Array Detection","","Wild","Spawning Grounds",34047,"Spring",NA,NA,"Spring",0,"yes",20299,NA,34584,"Present","",NA,"","3D9.1C2D3420A7","",2010,"6/30/10","WEN-TUM","Chinook","FD","Spring","DN","Wild","SC","Female","Female",82,66,5.72,NA,"",4,"SC","","","Passed","Spawning Grounds","","","","","","Wild","Spawning Grounds",10602,"Spring",20209,"Spring","Spring",1,"yes",21688,NA,34584,"Present","",NA,"","3D9.1C2D3BFC4F","",2010,"7/9/10","WEN-TUM","Chinook","FD","Spring","DN","Wild","SC","Male","Male",68,53,3.32,NA,"",4,"SC","","","Passed","Spawning Grounds","Chiwawa","CHI","CHL","Array Detection","","Wild","Spawning Grounds",11989,"Spring",21598,"Spring","Spring",1,"yes",2,2,"338720034 338720614 338720636 338721122","none","none","none","Wild Wild Wild Wild","unknown","unknown","unknown",0,4,1,0,4,1
510041742,345840408,345840920,1.29,0.94,2.96,0,0,0,47407,NA,51004,"Present","","","","3D9.1C2E094529","",2014,"7/7/14","WEN-TUM","Chinook","FD","Spring","DN","Wild","SC","Female","Female",83,67,6.72,5.9,"6.84745821",4,"SC","U","","Passed","Spawning Grounds","Nason","NAS","NAL","Array Detection","","Wild","Spawning Grounds",34540,"Spring",NA,NA,"Spring",1,"yes",20417,NA,34584,"Present","",NA,"","3D9.1C2C2DDF9B","",2010,"7/2/10","WEN-TUM","Chinook","FD","Spring","DN","Wild","SC","Female","Female",84,69,6.42,NA,"",4,"SC","","","Passed","Spawning Grounds","Nason","NAS","NAU","Array Detection","","Wild","Spawning Grounds",10720,"Spring",20327,"Spring","Spring",2,"yes",19910,NA,34584,"Present","",NA,"","3D9.1C2C482E9E","",2010,"6/25/10","WEN-TUM","Chinook","FD","Spring","DN","Wild","SC","Male","Male",85,67,6.9,NA,"",4,"SC","","","Passed","Spawning Grounds","Nason","NAS","N3B","Live-Redd","","Wild","Spawning Grounds",10213,"Spring",19820,"Spring","Spring",2,"yes",2,2,"338721677 338720446 338720341 338720789","none","none","none","Wild Wild Wild Wild","unknown","unknown","unknown",0,4,1,0,4,1
513420632,506041691,506042932,1.06,0.97,3.09,0,0,0,50745,NA,51342,"Present","","","","3DD.0077472516","",2016,"6/22/16","WEN-TUM","Chinook","FD","Spring","DN","Wild","FD","Male","Male",70,56,3.98,4.8,"5.821589189",4,"SC","U","B-041","Collected","Broodstock","","","TUM","Collected at Tumwater Dam (Spawn level: Complete)","","Wild","Broodstock",37832,"Spring",NA,NA,"Spring",1,"yes",39344,NA,50604,"Present","",NA,"","3D9.1C2DDBD9F2","",2012,"7/10/12","WEN-TUM","Chinook","FD","Spring","DN","Wild","SC","Female","Female",79,64,5.22,NA,"",4,"SC","","Capture status populated with U as a spaceholder","Passed","Spawning Grounds","Chiwawa","CHI","C6","Carcass Recovery: Spawned","","Wild","Spawning Grounds",27075,"Spring",NA,NA,"Spring",1,"yes",38103,NA,50604,"Present","",NA,"","3D9.1C2D9CA1CA","",2012,"7/6/12","WEN-TUM","Chinook","FD","Spring","DN","Wild","SC","Male","Male",79,62,5.16,4.7,"5.725974019",4,"SC","","Capture status populated with U as a spaceholder","Passed","Spawning Grounds","","","","","","Wild","Spawning Grounds",25857,"Spring",NA,NA,"Spring",4,"yes",2,4,"343890740 343890024 343890734 343892719","335600197 335600373 335601722 335601022 335600120 335601624","339240190 339240323","none","Wild Wild Wild Wild","Wild Wild Hatchery Hatchery Wild Wild","Hatchery Wild","unknown",0,4,1,3,9,0.75
515430791,510040417,510040825,1.39,1.08,3.01,0,0,0,52361,NA,51543,"Present","Beep","","","3DD.007761BA4C","",2017,"7/7/17","WEN-TUM","Chinook","FD","Spring","DN","Hatchery","CW","Male","Male",65,53,2.98,6.2,"7.119877165",3,"SC","U","","Passed","Spawning Grounds","Nason","NAS","NAU","Array Detection","","Hatchery","Spawning Grounds",39441,"Spring",NA,NA,"Spring",0,"yes",46490,NA,51004,"Present","",NA,"","3D9.1C2E043063","3D9.1C2D0C89AE",2014,"6/22/14","WEN-TUM","Chinook","FD","Spring","DN","Wild","SC","Female","Female",92,75,9.14,4.7,"5.725974019",5,"SC","U","CHI BROOD","Collected","Broodstock","","","TUM","Collected at Tumwater Dam (Spawn level: Complete)","","Wild","Broodstock",33638,"Spring",NA,NA,"Spring",11,"yes",46082,NA,51004,"Present","",NA,"","3D9.1C2D91FAE5","",2014,"6/18/14","WEN-TUM","Chinook","FD","Spring","DN","Wild","SC","Male","Male",72,59,3.84,6.3,"7.210053285",4,"SC","U","","Collected","Broodstock","","","TUM","Collected at Tumwater Dam (Spawn level: Complete)","","Wild","Broodstock",33234,"Spring",NA,NA,"Spring",8,"yes",2,4,"345840565 347740443 345841829 347744805","338720602 338720947 337191538 337190049 338720224 338721291","339240051 339240097 339240233 339250068 339250047 339240066 339240325 339250066 339250034","none","Wild Wild Wild Wild","Wild Hatchery Hatchery Hatchery Hatchery Hatchery","NA Wild Hatchery Hatchery Wild Hatchery Wild Hatchery Wild","unknown",0,4,1,9,9,0.5
518380012,510040417,510040825,1.11,0.57,2.24,0,0,0,52798,NA,51838,"Present","Beep","","","3DD.007790FA60","",2018,"6/6/18","WEN-TUM","Chinook","FD","Spring","DN","Hatchery","CW","Female","Female",85,67,6.32,5.3,"6.293505226",4,"SC","U","","Passed","Spawning Grounds","","","","","","Hatchery","Spawning Grounds",39875,"Spring",NA,NA,"Spring",7,"yes",46490,NA,51004,"Present","",NA,"","3D9.1C2E043063","3D9.1C2D0C89AE",2014,"6/22/14","WEN-TUM","Chinook","FD","Spring","DN","Wild","SC","Female","Female",92,75,9.14,4.7,"5.725974019",5,"SC","U","CHI BROOD","Collected","Broodstock","","","TUM","Collected at Tumwater Dam (Spawn level: Complete)","","Wild","Broodstock",33638,"Spring",NA,NA,"Spring",11,"yes",46082,NA,51004,"Present","",NA,"","3D9.1C2D91FAE5","",2014,"6/18/14","WEN-TUM","Chinook","FD","Spring","DN","Wild","SC","Male","Male",72,59,3.84,6.3,"7.210053285",4,"SC","U","","Collected","Broodstock","","","TUM","Collected at Tumwater Dam (Spawn level: Complete)","","Wild","Broodstock",33234,"Spring",NA,NA,"Spring",8,"yes",2,4,"345840565 347740443 345841829 347744805","338720602 338720947 337191538 337190049 338720224 338721291","339240051 339240097 339240233 339250068 339250047 339240066 339240325 339250066 339250034","none","Wild Wild Wild Wild","Wild Hatchery Hatchery Hatchery Hatchery Hatchery","NA Wild Hatchery Hatchery Wild Hatchery Wild Hatchery Wild","unknown",0,4,1,9,9,0.5
518380526,510040417,510040825,1.16,0.49,3.04,0,0,0,53311,NA,51838,"Present","Beep","","","3DD.00777CFB8D","",2018,"6/17/18","WEN-TUM","Chinook","FD","Spring","DN","Hatchery","CW","Female","Female",84,68,6.48,4.9,"5.91678018",4,"SC","U","","Passed","Broodstock","Chiwawa","CHI","CHI-W","Collected at Chiwawa Weir (Spawn level: Complete)","","Hatchery","Broodstock",40381,"Spring",NA,NA,"Spring",1,"yes",46490,NA,51004,"Present","",NA,"","3D9.1C2E043063","3D9.1C2D0C89AE",2014,"6/22/14","WEN-TUM","Chinook","FD","Spring","DN","Wild","SC","Female","Female",92,75,9.14,4.7,"5.725974019",5,"SC","U","CHI BROOD","Collected","Broodstock","","","TUM","Collected at Tumwater Dam (Spawn level: Complete)","","Wild","Broodstock",33638,"Spring",NA,NA,"Spring",11,"yes",46082,NA,51004,"Present","",NA,"","3D9.1C2D91FAE5","",2014,"6/18/14","WEN-TUM","Chinook","FD","Spring","DN","Wild","SC","Male","Male",72,59,3.84,6.3,"7.210053285",4,"SC","U","","Collected","Broodstock","","","TUM","Collected at Tumwater Dam (Spawn level: Complete)","","Wild","Broodstock",33234,"Spring",NA,NA,"Spring",8,"yes",2,4,"345840565 347740443 345841829 347744805","338720602 338720947 337191538 337190049 338720224 338721291","339240051 339240097 339240233 339250068 339250047 339240066 339240325 339250066 339250034","none","Wild Wild Wild Wild","Wild Hatchery Hatchery Hatchery Hatchery Hatchery","NA Wild Hatchery Hatchery Wild Hatchery Wild Hatchery Wild","unknown",0,4,1,9,9,0.5
518380586,510040417,510040825,0.8,0.44,1.89,0,0,0,53371,NA,51838,"Present","Beep","","","3DD.00777D3D81","",2018,"6/18/18","WEN-TUM","Chinook","FD","Spring","DN","Hatchery","CW","Female","Female",85,69,6.64,5.1,"6.10593109",4,"SC","U","","Passed","Spawning Grounds","Chiwawa","CHI","CHL","Array Detection","","Hatchery","Spawning Grounds",40441,"Spring",NA,NA,"Spring",0,"yes",46490,NA,51004,"Present","",NA,"","3D9.1C2E043063","3D9.1C2D0C89AE",2014,"6/22/14","WEN-TUM","Chinook","FD","Spring","DN","Wild","SC","Female","Female",92,75,9.14,4.7,"5.725974019",5,"SC","U","CHI BROOD","Collected","Broodstock","","","TUM","Collected at Tumwater Dam (Spawn level: Complete)","","Wild","Broodstock",33638,"Spring",NA,NA,"Spring",11,"yes",46082,NA,51004,"Present","",NA,"","3D9.1C2D91FAE5","",2014,"6/18/14","WEN-TUM","Chinook","FD","Spring","DN","Wild","SC","Male","Male",72,59,3.84,6.3,"7.210053285",4,"SC","U","","Collected","Broodstock","","","TUM","Collected at Tumwater Dam (Spawn level: Complete)","","Wild","Broodstock",33234,"Spring",NA,NA,"Spring",8,"yes",2,4,"345840565 347740443 345841829 347744805","338720602 338720947 337191538 337190049 338720224 338721291","339240051 339240097 339240233 339250068 339250047 339240066 339240325 339250066 339250034","none","Wild Wild Wild Wild","Wild Hatchery Hatchery Hatchery Hatchery Hatchery","NA Wild Hatchery Hatchery Wild Hatchery Wild Hatchery Wild","unknown",0,4,1,9,9,0.5
518380610,510040417,510040825,0.84,0.46,2.79,0,0,0,53395,NA,51838,"Present","Beep","","","3DD.00777D4107","",2018,"6/19/18","WEN-TUM","Chinook","FD","Spring","DN","Hatchery","CW","Male","Male",67,51,3.78,4.5,"5.533426701",4,"SC","U","","Passed","Spawning Grounds","","","","","","Hatchery","Spawning Grounds",40465,"Spring",NA,NA,"Spring",0,"yes",46490,NA,51004,"Present","",NA,"","3D9.1C2E043063","3D9.1C2D0C89AE",2014,"6/22/14","WEN-TUM","Chinook","FD","Spring","DN","Wild","SC","Female","Female",92,75,9.14,4.7,"5.725974019",5,"SC","U","CHI BROOD","Collected","Broodstock","","","TUM","Collected at Tumwater Dam (Spawn level: Complete)","","Wild","Broodstock",33638,"Spring",NA,NA,"Spring",11,"yes",46082,NA,51004,"Present","",NA,"","3D9.1C2D91FAE5","",2014,"6/18/14","WEN-TUM","Chinook","FD","Spring","DN","Wild","SC","Male","Male",72,59,3.84,6.3,"7.210053285",4,"SC","U","","Collected","Broodstock","","","TUM","Collected at Tumwater Dam (Spawn level: Complete)","","Wild","Broodstock",33234,"Spring",NA,NA,"Spring",8,"yes",2,4,"345840565 347740443 345841829 347744805","338720602 338720947 337191538 337190049 338720224 338721291","339240051 339240097 339240233 339250068 339250047 339240066 339240325 339250066 339250034","none","Wild Wild Wild Wild","Wild Hatchery Hatchery Hatchery Hatchery Hatchery","NA Wild Hatchery Hatchery Wild Hatchery Wild Hatchery Wild","unknown",0,4,1,9,9,0.5
518380736,510040417,510040825,0.88,0.65,2.12,0,0,0,53521,NA,51838,"Present","Beep","","Beep","3DD.00777DBF16","",2018,"6/20/18","WEN-TUM","Chinook","FD","Spring","DN","Hatchery","CW","Male","Male",72,58,3.58,5.2,"6.199910614",4,"SC","U","NAS-H","Collected","Broodstock","","","TUM","Collected at Tumwater Dam (Spawn level: Complete)","","Hatchery","Broodstock",40588,"Spring",NA,NA,"Spring",1,"yes",46490,NA,51004,"Present","",NA,"","3D9.1C2E043063","3D9.1C2D0C89AE",2014,"6/22/14","WEN-TUM","Chinook","FD","Spring","DN","Wild","SC","Female","Female",92,75,9.14,4.7,"5.725974019",5,"SC","U","CHI BROOD","Collected","Broodstock","","","TUM","Collected at Tumwater Dam (Spawn level: Complete)","","Wild","Broodstock",33638,"Spring",NA,NA,"Spring",11,"yes",46082,NA,51004,"Present","",NA,"","3D9.1C2D91FAE5","",2014,"6/18/14","WEN-TUM","Chinook","FD","Spring","DN","Wild","SC","Male","Male",72,59,3.84,6.3,"7.210053285",4,"SC","U","","Collected","Broodstock","","","TUM","Collected at Tumwater Dam (Spawn level: Complete)","","Wild","Broodstock",33234,"Spring",NA,NA,"Spring",8,"yes",2,4,"345840565 347740443 345841829 347744805","338720602 338720947 337191538 337190049 338720224 338721291","339240051 339240097 339240233 339250068 339250047 339240066 339240325 339250066 339250034","none","Wild Wild Wild Wild","Wild Hatchery Hatchery Hatchery Hatchery Hatchery","NA Wild Hatchery Hatchery Wild Hatchery Wild Hatchery Wild","unknown",0,4,1,9,9,0.5
518380998,510040417,510040825,1.54,0.66,2.08,0,0,0,53783,NA,51838,"Present","Beep","","Beep","3DD.00777D4DB5","",2018,"6/26/18","WEN-TUM","Chinook","FD","Spring","DN","Hatchery","CW","Female","Female",76,60,4.54,4.3,"5.339043819",4,"SC","U","NAS-H","Collected","Broodstock","","","TUM","Collected at Tumwater Dam (Spawn level: Complete)","","Hatchery","Broodstock",40844,"Spring",NA,NA,"Spring",0,"yes",46490,NA,51004,"Present","",NA,"","3D9.1C2E043063","3D9.1C2D0C89AE",2014,"6/22/14","WEN-TUM","Chinook","FD","Spring","DN","Wild","SC","Female","Female",92,75,9.14,4.7,"5.725974019",5,"SC","U","CHI BROOD","Collected","Broodstock","","","TUM","Collected at Tumwater Dam (Spawn level: Complete)","","Wild","Broodstock",33638,"Spring",NA,NA,"Spring",11,"yes",46082,NA,51004,"Present","",NA,"","3D9.1C2D91FAE5","",2014,"6/18/14","WEN-TUM","Chinook","FD","Spring","DN","Wild","SC","Male","Male",72,59,3.84,6.3,"7.210053285",4,"SC","U","","Collected","Broodstock","","","TUM","Collected at Tumwater Dam (Spawn level: Complete)","","Wild","Broodstock",33234,"Spring",NA,NA,"Spring",8,"yes",2,4,"345840565 347740443 345841829 347744805","338720602 338720947 337191538 337190049 338720224 338721291","339240051 339240097 339240233 339250068 339250047 339240066 339240325 339250066 339250034","none","Wild Wild Wild Wild","Wild Hatchery Hatchery Hatchery Hatchery Hatchery","NA Wild Hatchery Hatchery Wild Hatchery Wild Hatchery Wild","unknown",0,4,1,9,9,0.5
518381480,510040417,510040825,0.89,1.25,2.33,0,0,0,54263,NA,51838,"Present","Beep","","","3DD.00777D1E23","",2018,"7/7/18","WEN-TUM","Chinook","FD","Spring","DN","Hatchery","CW","Male","Male",70,55,3.48,2.7,"3.702439196",4,"SC","U","","Passed","Spawning Grounds","Chiwawa","CHI","CHIWAT","Chiwawa Smolt Trap","Captured in Chiwawa Screw Trap as adult","Hatchery","Spawning Grounds",41320,"Spring",NA,NA,"Spring",0,"yes",46490,NA,51004,"Present","",NA,"","3D9.1C2E043063","3D9.1C2D0C89AE",2014,"6/22/14","WEN-TUM","Chinook","FD","Spring","DN","Wild","SC","Female","Female",92,75,9.14,4.7,"5.725974019",5,"SC","U","CHI BROOD","Collected","Broodstock","","","TUM","Collected at Tumwater Dam (Spawn level: Complete)","","Wild","Broodstock",33638,"Spring",NA,NA,"Spring",11,"yes",46082,NA,51004,"Present","",NA,"","3D9.1C2D91FAE5","",2014,"6/18/14","WEN-TUM","Chinook","FD","Spring","DN","Wild","SC","Male","Male",72,59,3.84,6.3,"7.210053285",4,"SC","U","","Collected","Broodstock","","","TUM","Collected at Tumwater Dam (Spawn level: Complete)","","Wild","Broodstock",33234,"Spring",NA,NA,"Spring",8,"yes",2,4,"345840565 347740443 345841829 347744805","338720602 338720947 337191538 337190049 338720224 338721291","339240051 339240097 339240233 339250068 339250047 339240066 339240325 339250066 339250034","none","Wild Wild Wild Wild","Wild Hatchery Hatchery Hatchery Hatchery Hatchery","NA Wild Hatchery Hatchery Wild Hatchery Wild Hatchery Wild","unknown",0,4,1,9,9,0.5
520190235,513420332,513420607,1.4,0.36,2.67,0,0,0,54618,NA,52019,"Present","","","","3DD.0077B606D5","",2019,"6/24/19","WEN-TUM","Chinook","FD","Spring","DN","Wild","SC","Male","Male",52,40,1.44,3.5,"4.540891466",3,"SC","U","","Passed","Spawning Grounds","Chiwawa","CHI","CHU","Array Detection","","Wild","Spawning Grounds",41630,"Spring",NA,NA,"Spring",0,"yes",50720,NA,51342,"Present","",NA,"","3DD.00773DE72F","",2016,"6/21/16","WEN-TUM","Chinook","FD","Spring","DN","Wild","FD","Female","Female",79,64,5.3,3.2,"4.231829591",4,"SC","U","","Passed","Spawning Grounds","Chiwawa","CHI","C4","Carcass Recovery: Unknown Spawn level","","Wild","Spawning Grounds",37807,"Spring",NA,NA,"Spring",1,"yes",50445,NA,51342,"Present","",NA,"","3DD.00773E3EB5","",2016,"6/12/16","WEN-TUM","Chinook","FD","Spring","DN","Wild","FD","Male","Male",49,41,1.18,4.3,"5.339043819",3,"SC","U","","Passed","Spawning Grounds","Chiwawa","CHI","CHU","Array Detection","","Wild","Spawning Grounds",37534,"Spring",NA,NA,"Spring",2,"yes",2,5,"508440073 506043676 508440022 506043101","343893781 343893840 347741791 347742001 343892371 343891667 347741494 347740252","335600735 335601230 335601306 337191766 338721296 337190307 335600478 335600707 337190987 338721396 337190787 335600105","339230011 339220002 339220006 339230001 339240206 339240088 339240096 339230014 339230002 339230008 339220003 339240308","Wild Wild Wild Wild","Hatchery Hatchery Wild Hatchery Hatchery Wild Wild Hatchery","Hatchery Wild Wild Hatchery Hatchery Hatchery Hatchery Hatchery Hatchery Wild Hatchery Hatchery","Wild Wild Wild Hatchery Hatchery Hatchery Hatchery Hatchery NA NA Hatchery Hatchery",0,4,1,21,13,0.382352941
523350593,518381071,518380561,0.61,0.84,3.17,0,0,0,56220,NA,52335,"Present","","","","3DD.003D8285FB","",2021,"7/6/21","WEN-TUM","Chinook","FD","Spring","DN","Wild","FD","Male","Male",60,48,2.58,NA,"#NUM!",3,"ST","U","","Passed","Spawning Grounds","Nason","NAS","NAU","Array Detection","","Wild","Spawning Grounds",43182,"Spring",NA,NA,"Spring",0,"yes",53346,NA,51838,"Present","",NA,"","3DD.00777D7105","",2018,"6/18/18","WEN-TUM","Chinook","FD","Spring","DN","Wild","SC","Female","Female",80,64,5.34,5.1,"6.10593109",4,"SC","U","18FB022","Collected","Broodstock","","","TUM","Collected at Tumwater Dam (Spawn level: Complete)","","Wild","Broodstock",40416,"Spring",NA,NA,"Spring",4,"yes",53856,NA,51838,"Present","",NA,"","3DD.00777DD931","",2018,"6/29/18","WEN-TUM","Chinook","FD","Spring","DN","Wild","SC","Male","Male",84,67,6.78,2.1,"3.038329675",4,"SC","U","18FB042","Collected","Mortality/Surplus","","","TUM","Surplus at Broodstock","","Wild","Mortality/Surplus",40916,"Spring",NA,NA,"Spring",2,"yes",2,5,"510041083 510041276 510041553 510041613","347740204 345842817 347743440 347742368 345841782 347743753","338722043 338721163 337190727 337192388 337192639 337192108 338721274 338721164 337190731 337193566 337193849 337191294","339240261 339250048 339240339 339240265 339240066 339250035 339240280 339240305","Wild Wild Wild Wild","Hatchery Hatchery Hatchery Hatchery Hatchery Hatchery","Wild Hatchery Wild Wild Wild Hatchery Wild Wild Hatchery Hatchery Wild Hatchery","Wild Hatchery NA Hatchery Wild NA Hatchery Hatchery",0,4,1,15,13,0.464285714
524330493,518380650,518380040,1.55,1.47,3.47,0,0,0,57096,NA,52433,"Present","","","","3DD.003E22FF0C","",2022,"7/9/22","WEN-TUM","Chinook","FD","Spring","DN","Wild","FD","Female","Female",83,67,5.46,NA,"#NUM!",4,"ST","U","","Passed","Spawning Grounds","Chiwawa","CHI","CHL","Array Detection","","Wild","Spawning Grounds",44045,"Spring",NA,NA,"Spring",0,"yes",52826,NA,51838,"Present","",NA,"","3DD.00777D5E34","",2018,"6/8/18","WEN-TUM","Chinook","FD","Spring","DN","Wild","SC","Female","Female",83,68,6.04,6.1,"7.029390115",4,"SC","U","","Passed","Spawning Grounds","Chiwawa","CHI","C5","Carcass Recovery: Spawned","","Wild","Spawning Grounds",39903,"Spring",NA,NA,"Spring",5,"yes",53435,NA,51838,"Present","",NA,"","3DD.00777D4B53","",2018,"6/19/18","WEN-TUM","Chinook","FD","Spring","DN","Wild","SC","Male","Male",80,63,5.18,4.2,"5.241131906",4,"SC","U","","Passed","Spawning Grounds","","","","","","Wild","Spawning Grounds",40504,"Spring",NA,NA,"Spring",4,"yes",2,5,"510041781 510040436 510040445 510040660","347740028 345842330 347740716 345840109 345842895","338721742 338720054 337190004 337191496 338720760 338721788 338721116 337192868 337192764","339240211 339240039 339250023 339240230 339250011 339240290 339250022 339240313 339250006","Wild Wild Wild Wild","Wild Wild Hatchery Hatchery Wild","Hatchery Wild Hatchery Wild Hatchery Hatchery Wild Hatchery Hatchery","NA Wild Wild Hatchery Hatchery Hatchery Hatchery Wild Hatchery",0,4,1,13,13,0.5
524330675,518381071,518380561,0.51,0.93,3.08,0,0,0,57278,NA,52433,"Present","","","","3DD.0077797513","",2022,"7/11/22","WEN-TUM","Chinook","FD","Spring","DN","Hatchery","CRC","Male","Male",87,69,6.65,NA,"#NUM!",4,"CRC","U","","Passed","Spawning Grounds","Nason","NAS","N3","Carcass Recovery: Spawned","","Hatchery","Spawning Grounds",44223,"Spring",NA,NA,"Spring",0,"yes",53346,NA,51838,"Present","",NA,"","3DD.00777D7105","",2018,"6/18/18","WEN-TUM","Chinook","FD","Spring","DN","Wild","SC","Female","Female",80,64,5.34,5.1,"6.10593109",4,"SC","U","18FB022","Collected","Broodstock","","","TUM","Collected at Tumwater Dam (Spawn level: Complete)","","Wild","Broodstock",40416,"Spring",NA,NA,"Spring",4,"yes",53856,NA,51838,"Present","",NA,"","3DD.00777DD931","",2018,"6/29/18","WEN-TUM","Chinook","FD","Spring","DN","Wild","SC","Male","Male",84,67,6.78,2.1,"3.038329675",4,"SC","U","18FB042","Collected","Mortality/Surplus","","","TUM","Surplus at Broodstock","","Wild","Mortality/Surplus",40916,"Spring",NA,NA,"Spring",2,"yes",2,5,"510041083 510041276 510041553 510041613","347740204 345842817 347743440 347742368 345841782 347743753","338722043 338721163 337190727 337192388 337192639 337192108 338721274 338721164 337190731 337193566 337193849 337191294","339240261 339250048 339240339 339240265 339240066 339250035 339240280 339240305","Wild Wild Wild Wild","Hatchery Hatchery Hatchery Hatchery Hatchery Hatchery","Wild Hatchery Wild Wild Wild Hatchery Wild Wild Hatchery Hatchery Wild Hatchery","Wild Hatchery NA Hatchery Wild NA Hatchery Hatchery",0,4,1,15,13,0.464285714
524330754,518380901,518380658,0.95,1.68,3.64,0,0,0,57357,NA,52433,"Present","","","","3DD.003E249943","",2022,"7/12/22","WEN-TUM","Chinook","FD","Spring","DN","Wild","SC","Male","Male",81,64,5.23,NA,"",4,"SC","U","","Passed","Broodstock","Chiwawa","CHI","CHI-W","Collected at Chiwawa Weir (Spawn level: Complete)","","Wild","Broodstock",44300,"Spring",NA,NA,"Spring",0,"yes",53443,NA,51838,"Present","",NA,"","3DD.00777D6EC6","",2018,"6/19/18","WEN-TUM","Chinook","FD","Spring","DN","Wild","SC","Female","Female",77,63,4.44,4.3,"5.339043819",4,"SC","U","","Passed","Spawning Grounds","Chiwawa","CHI","CHU","Array Detection","","Wild","Spawning Grounds",40512,"Spring",NA,NA,"Spring",1,"yes",53686,NA,51838,"Present","",NA,"","3DD.00777D6EB9","",2018,"6/22/18","WEN-TUM","Chinook","FD","Spring","DN","Wild","SC","Male","Male",86,68,6.42,4.3,"5.339043819",4,"SC","U","","Passed","Spawning Grounds","Chiwawa","CHI","CHU","Array Detection","","Wild","Spawning Grounds",40750,"Spring",NA,NA,"Spring",5,"yes",2,5,"510040042 510041616 510040648 510040102","345844336 345841683 345843527 345840238 345840911 345840908 345840183 345842120","338720197 338721806 338721651 338721637 338721551 338721483 338720524 338721411 338721350 338721884 338720495 338720063","339240068 339250067 339250060 339250047 339250068 339250011 339250064 339250039 339250034 339250065 339250006","Wild Wild Wild Wild","Wild Wild Hatchery Hatchery Hatchery Wild Wild Hatchery","Hatchery Wild Wild Wild Hatchery Wild Hatchery Hatchery Hatchery Hatchery Hatchery Hatchery","NA Hatchery Hatchery Hatchery Hatchery Wild Hatchery Hatchery Hatchery Hatchery Wild",0,4,1,20,14,0.411764706
524330790,518380650,518380040,1.09,0.87,2.77,0,0,0,57393,NA,52433,"Present","","","","3DD.003E24A6DD","",2022,"7/13/22","WEN-TUM","Chinook","FD","Spring","DN","Wild","SC","Male","Male",89,71,6.65,NA,"#NUM!",4,"SC","U","","Passed","Spawning Grounds","Chiwawa","CHI","CHU","Array Detection","","Wild","Spawning Grounds",44336,"Spring",NA,NA,"Spring",0,"yes",52826,NA,51838,"Present","",NA,"","3DD.00777D5E34","",2018,"6/8/18","WEN-TUM","Chinook","FD","Spring","DN","Wild","SC","Female","Female",83,68,6.04,6.1,"7.029390115",4,"SC","U","","Passed","Spawning Grounds","Chiwawa","CHI","C5","Carcass Recovery: Spawned","","Wild","Spawning Grounds",39903,"Spring",NA,NA,"Spring",5,"yes",53435,NA,51838,"Present","",NA,"","3DD.00777D4B53","",2018,"6/19/18","WEN-TUM","Chinook","FD","Spring","DN","Wild","SC","Male","Male",80,63,5.18,4.2,"5.241131906",4,"SC","U","","Passed","Spawning Grounds","","","","","","Wild","Spawning Grounds",40504,"Spring",NA,NA,"Spring",4,"yes",2,5,"510041781 510040436 510040445 510040660","347740028 345842330 347740716 345840109 345842895","338721742 338720054 337190004 337191496 338720760 338721788 338721116 337192868 337192764","339240211 339240039 339250023 339240230 339250011 339240290 339250022 339240313 339250006","Wild Wild Wild Wild","Wild Wild Hatchery Hatchery Wild","Hatchery Wild Hatchery Wild Hatchery Hatchery Wild Hatchery Hatchery","NA Wild Wild Hatchery Hatchery Hatchery Hatchery Wild Hatchery",0,4,1,13,13,0.5
525990359,518381474,518380040,1.14,0.68,2.31,0,0,0,58097,NA,52599,"Present","","","","3DD.003E4637E6","",2023,"6/23/23","WEN-TUM","Chinook","SC","Spring","DN","Wild","SC","Female","Female",92,74,7.91,NA,"#NUM!",5,"SC","U","","Passed","Spawning Grounds","Chiwawa","CHI","CHL","Array Detection","","Wild","Spawning Grounds",45017,"Spring",NA,NA,"Spring",0,"yes",52826,NA,51838,"Present","",NA,"","3DD.00777D5E34","",2018,"6/8/18","WEN-TUM","Chinook","FD","Spring","DN","Wild","SC","Female","Female",83,68,6.04,6.1,"7.029390115",4,"SC","U","","Passed","Spawning Grounds","Chiwawa","CHI","C5","Carcass Recovery: Spawned","","Wild","Spawning Grounds",39903,"Spring",NA,NA,"Spring",5,"yes",54257,NA,51838,"Present","Beep",NA,"","3DD.00777CEF37","",2018,"7/7/18","WEN-TUM","Chinook","FD","Spring","DN","Hatchery","CW","Male","Male",84,67,6.72,6.1,"7.029390115",4,"SC","U","","Passed","Spawning Grounds","Chiwawa","CHI","CHU","Array Detection","","Wild","Spawning Grounds",41314,"Spring",NA,NA,"Spring",3,"yes",2,5,"510041781 510041612 510040445 510042001","347740028 345841181 347740716 345844886 345842895","338721863 338720054 338720743 337190004 337191496 338722049 338721116 338721410 337192868 337192764","339240211 339240039 339250023 339250071 339250067 339240290 339250022 339250070 339250064","Wild Wild Wild Wild","Hatchery Hatchery Hatchery Hatchery Wild","Hatchery Wild Hatchery Wild Hatchery Wild Wild Hatchery Hatchery Wild","NA Wild Hatchery Wild Hatchery Hatchery Hatchery Hatchery Wild",0,4,1,14,13,0.481481481
